Variavel,Media,Desvio
marcha_max,2.1450688996538174,0.14034298380914942
setor,1.6519715388838616,0.13430100281702337
t_freio,0.44638689041458146,0.08772070151994146
pbrake_media,0.21835231205408837,0.05577817591806076
pbrake_max,0.15053635403859686,0.04312912107969756
accx_min,0.15014271306192944,0.046010808993233385
pbrake_taxa,0.05421925825542606,0.021992406299969302
trocas,0.042123637885876634,0.01431248468239384
slip,0.029439244114953154,0.018308242057362836
rpm_max,0.02766422058255319,0.022290307941804505
accx_max,0.019011730014125004,0.00808050177617881
tipo,0.008626169858312415,0.005125606567731691
